{"frames":{"tentacle_idle1":{"frame":{"x":0,"y":0,"w":90,"h":150},"rotated":false,"trimmed":false,"spriteSourceSize":{"x":0,"y":0,"w":90,"h":150},"sourceSize":{"w":90,"h":150}},"tentacle_idle2":{"frame":{"x":91,"y":0,"w":90,"h":150},"rotated":false,"trimmed":false,"spriteSourceSize":{"x":0,"y":0,"w":90,"h":150},"sourceSize":{"w":90,"h":150}},"tentacle_idle3":{"frame":{"x":182,"y":0,"w":90,"h":150},"rotated":false,"trimmed":false,"spriteSourceSize":{"x":0,"y":0,"w":90,"h":150},"sourceSize":{"w":90,"h":150}},"tentacle_idle4":{"frame":{"x":0,"y":151,"w":90,"h":150},"rotated":false,"trimmed":false,"spriteSourceSize":{"x":0,"y":0,"w":90,"h":150},"sourceSize":{"w":90,"h":150}},"tentacle_idle5":{"frame":{"x":91,"y":151,"w":90,"h":150},"rotated":false,"trimmed":false,"spriteSourceSize":{"x":0,"y":0,"w":90,"h":150},"sourceSize":{"w":90,"h":150}},"tentacle_idle6":{"frame":{"x":182,"y":151,"w":90,"h":150},"rotated":false,"trimmed":false,"spriteSourceSize":{"x":0,"y":0,"w":90,"h":150},"sourceSize":{"w":90,"h":150}},"tentacle_idle7":{"frame":{"x":273,"y":0,"w":90,"h":150},"rotated":false,"trimmed":false,"spriteSourceSize":{"x":0,"y":0,"w":90,"h":150},"sourceSize":{"w":90,"h":150}},"tentacle_idle8":{"frame":{"x":273,"y":151,"w":90,"h":150},"rotated":false,"trimmed":false,"spriteSourceSize":{"x":0,"y":0,"w":90,"h":150},"sourceSize":{"w":90,"h":150}}},"meta":{"app":"https://www.leshylabs.com/apps/sstool/","version":"Leshy SpriteSheet Tool v0.8.4","image":"tentacle_idle.png","size":{"w":363,"h":301},"scale":1}}